{
  "lang":"en",
  "name":"pipeline",
  "version":"0.0.0",
  "spacy_version":">=3.4.1,<3.5.0",
  "description":"",
  "author":"",
  "email":"",
  "url":"",
  "license":"",
  "spacy_git_version":"5c2a00cef",
  "vectors":{
    "width":0,
    "vectors":0,
    "keys":0,
    "name":null,
    "mode":"default"
  },
  "labels":{
    "tok2vec":[

    ],
    "ner":[
      "ABILITY",
      "CARDCOLOR",
      "CARDSUBTYPE",
      "CARDTYPE",
      "KEYABILITY",
      "KEYACTION",
      "KEYACTIONSYMBOL",
      "MANACOST",
      "ZONE"
    ]
  },
  "pipeline":[
    "tok2vec",
    "ner"
  ],
  "components":[
    "tok2vec",
    "ner"
  ],
  "disabled":[

  ],
  "performance":{
    "ents_f":0.9997931976,
    "ents_p":0.9998437414,
    "ents_r":0.9997426589,
    "ents_per_type":{
      "CARDCOLOR":{
        "p":1.0,
        "r":1.0,
        "f":1.0
      },
      "KEYACTION":{
        "p":0.9999074802,
        "r":0.999953738,
        "f":0.9999306086
      },
      "MANACOST":{
        "p":0.9995365364,
        "r":1.0,
        "f":0.9997682145
      },
      "CARDTYPE":{
        "p":0.9999292586,
        "r":1.0,
        "f":0.9999646281
      },
      "KEYABILITY":{
        "p":0.9998685076,
        "r":0.9996056264,
        "f":0.9997370497
      },
      "ABILITY":{
        "p":1.0,
        "r":0.9989594173,
        "f":0.9994794378
      },
      "ZONE":{
        "p":1.0,
        "r":1.0,
        "f":1.0
      },
      "CARDSUBTYPE":{
        "p":0.9994152047,
        "r":0.9981310595,
        "f":0.9987727193
      },
      "KEYACTIONSYMBOL":{
        "p":1.0,
        "r":0.9989209603,
        "f":0.9994601889
      }
    },
    "tok2vec_loss":441.0994218336,
    "ner_loss":42.0834965641
  }
}